{
    "loss": 0.7052835822105408,
    "accuracy": 0.4313725531101227
}